id,first_name,last_name,gender
1,Camey,Longfellow,Male
2,Urbain,Lamkin,Male
3,Ingra,Endle,Male
4,Brew,Worsell,Male
5,Geno,Coleiro,Male
6,Coreen,Woakes,Female
7,Daphne,Olcot,Female
8,Wolfie,Altofts,Male
9,Jeramie,Agnolo,Male
10,Christophe,Coneron,Male
11,Eydie,Stubley,Female
12,Elia,Stickells,Male
13,Mariya,Giannoni,Female
14,Stanley,Fennessy,Male
15,Ronald,Winslow,Male
16,Cassi,Saenz,Female
17,Northrup,Nozzolii,Male
18,Kale,Pendergast,Male
19,Jayme,Raeside,Female
20,Anatollo,O'Fairy,Male
21,Saleem,Matusovsky,Male
22,Sascha,Bancroft,Male
23,Terrell,Pestor,Male
24,Yettie,Goodbody,Female
25,Jerrilee,Gillivrie,Female
26,Agnesse,Awcock,Female
27,Darlleen,Cloney,Female
28,Cord,Heaviside,Male
29,Marge,Chanders,Female
30,Maurine,Barnwill,Female
31,Maribelle,Moretto,Female
32,Adoree,McBryde,Female
33,Gardener,Zupo,Male
34,Marc,Wadmore,Male
35,Verney,Vicker,Male
36,Skip,Gilby,Male
37,Lind,Riceards,Female
38,Denise,Stabler,Female
39,Tonnie,Scarse,Male
40,Jannel,Currer,Female
41,Dom,Glison,Male
42,Marsh,Houten,Male
43,Kippie,Butler,Female
44,Nial,Dyte,Male
45,Alister,Offin,Male
46,Jacinthe,Egan,Female
47,Deedee,Gauler,Female
48,Chelsie,Olivet,Female
49,Aurilia,Tolworth,Female
50,Axel,Luckcock,Male
51,Krysta,Heathcote,Female
52,Dietrich,Lattimore,Male
53,Raynor,McCray,Male
54,Rosaleen,Shutler,Female
55,Ania,Wallsam,Female
56,Dido,Antcliffe,Female
57,Karol,Cecchetelli,Female
58,Leeland,de Amaya,Male
59,Margot,Rowe,Female
60,Maria,Penhearow,Female
61,Ignazio,Layborn,Male
62,Park,Capelin,Male
63,Jacqui,Brauninger,Female
64,Leelah,Wyness,Female
65,Etti,Fennick,Female
66,Georgine,Greenhowe,Female
67,Renard,Foort,Male
68,Thalia,Crenshaw,Female
69,Elnar,Condie,Male
70,Luca,Joye,Male
71,Fraze,Vinnicombe,Male
72,Clifford,Thurston,Male
73,Hal,Franzini,Male
74,Ban,Kondrachenko,Male
75,Seline,Golling,Female
76,Carrissa,Dorricott,Female
77,Tiffani,Scamaden,Female
78,Elwood,Ruoff,Male
79,Stearne,Chaperling,Male
80,Lorrayne,Burdett,Female
81,Tripp,Robottom,Male
82,Augustin,Verney,Male
83,Chane,McPolin,Male
84,Sallee,Jelfs,Female
85,Ronnie,Swayne,Male
86,Chandra,Hawk,Female
87,Tom,Thridgould,Male
88,Sibby,Eisikovitsh,Female
89,Teddy,Beddie,Male
90,Jenni,Maryan,Female
91,Berky,Pidgeon,Male
92,Daisy,Durnan,Female
93,Sheffield,Candlin,Male
94,Dallas,Djuricic,Female
95,Karin,Wilcinskis,Female
96,Ramon,Varley,Male
97,Giacomo,Schoffler,Male
98,Tom,Mattea,Male
99,Fan,Houtbie,Female
100,Ozzie,Van den Velden,Male
